entity_id,entity_name,entity_type,country,sanction_source,sanction_category,reason_for_sanction,risk_level,pep_flag,fraudster_flag,blacklist_flag,regulatory_reference,effective_date,expiry_date,status,created_at,updated_at
SANC_253f82390f904438b5226f94bb52690e,Wagner Inc,Individual,Syria,UN,Narcotics,Current practice nation determine operation speak according.,High,True,True,True,REG-2025-189,2023-11-27,2024-12-28,Active,2026-02-16 17:09:32.539539,2026-05-30 17:09:32.539539
SANC_bc711885e6ad4a1fb7dfc1857d371944,Jay Ramirez,Vessel,Bermuda,OFAC,Narcotics,Whatever from behavior benefit suggest.,Critical,True,False,True,REG-2025-384,2025-02-25,2026-03-03,Active,2025-02-08 17:09:32.540060,2026-05-21 17:09:32.540060
SANC_7588c1ba8ca94303b7bd30178537350d,Roman-Blair,Organization,Saint Pierre and Miquelon,EU,Narcotics,By two bad fall pick those gun.,Critical,True,True,True,REG-2024-199,2024-09-21,2026-09-08,Active,2025-04-28 17:09:32.540060,2026-05-08 17:09:32.540060
SANC_5a47a16e13bf45228b89863bd83d330f,"Jones, Stanley and Mejia",Vessel,Benin,OFAC,Regime Sanctions,Talk term herself law.,High,False,False,True,REG-2025-296,2023-11-07,2024-12-22,Active,2025-03-30 17:09:32.540605,2026-05-12 17:09:32.540605
SANC_abf9923d7483422c83b2a46e4da1ceb6,Martin-Kelly,Individual,Burundi,OFAC,Regime Sanctions,Reduce raise author play move.,Critical,False,False,True,REG-2022-479,2025-03-19,2028-02-03,Active,2025-10-18 17:09:32.540605,2026-03-13 17:09:32.540605
SANC_028e535c19af4013bd8042517e0e2dc9,Ford LLC,Vessel,Anguilla,EU,Narcotics,Detail food shoulder argue start source husband.,High,False,False,True,REG-2023-755,2023-12-18,2025-07-29,Active,2025-03-18 17:09:32.540605,2026-04-30 17:09:32.540605
SANC_c5972d4dffa943c585149348b6687c3c,Gentry PLC,Individual,Burundi,OFAC,Cyber Crime,Defense material those poor central cause.,Critical,False,True,True,REG-2022-680,2023-08-01,2025-06-18,Active,2025-11-15 17:09:32.541155,2026-03-19 17:09:32.541155
SANC_0d5041cddb7a4e7aae0f7e881bfb9b7b,Deborah Richards,Vessel,Benin,EU,Cyber Crime,Human despite young meeting before another body physical.,High,True,False,True,REG-2025-538,2025-01-09,2027-02-21,Active,2025-08-30 17:09:32.541155,2026-05-13 17:09:32.541155
SANC_ab942e283eeb4b7294a33524e62b631e,"Henderson, Brown and James",Individual,Jamaica,UKHM,Terrorism Financing,More wife team activity result race Mr.,High,True,True,True,REG-2022-911,2025-02-15,2027-10-18,Active,2026-01-30 17:09:32.541155,2026-04-22 17:09:32.541155
SANC_cf08dd7a7d684562ad93bf83f4929235,Gina Carter,Organization,Jamaica,UN,Terrorism Financing,Law west then enjoy.,High,False,False,True,REG-2021-400,2024-01-04,2026-04-12,Active,2026-03-02 17:09:32.541729,2026-03-10 17:09:32.541729
SANC_ce4eecbf7e6847e782d041dcfcdf3e5e,Romero Inc,Organization,Jamaica,EU,Terrorism Financing,Fear police participant check several much single morning.,Critical,True,True,True,REG-2023-880,2024-07-03,,Active,2025-01-29 17:09:32.541729,2026-04-04 17:09:32.541729
SANC_39bac787005141c383e6ad7bc50f8b7b,"Nguyen, Smith and Hickman",Vessel,Philippines,UKHM,Terrorism Financing,Dream drive note bad rule.,High,False,False,True,REG-2022-159,2023-06-11,,Active,2025-05-17 17:09:32.541729,2026-05-31 17:09:32.541729
SANC_4c83492dc7244f529d0266ff5f348c40,Philip Cannon,Organization,Anguilla,EU,Narcotics,Process water close month.,Critical,True,False,True,REG-2025-993,2025-03-05,2026-10-07,Active,2025-05-31 17:09:32.542266,2026-03-06 17:09:32.542266
SANC_587e0166e5e249de906f4ebdb3b2ccaf,Brandt-Hickman,Individual,Russia,UN,Regime Sanctions,Require human public health tonight.,Critical,False,False,True,REG-2021-353,2024-09-24,,Active,2025-09-11 17:09:32.542266,2026-06-08 17:09:32.542266
SANC_26f930ac8631409693b226fc8020c44e,Wright Inc,Individual,Antarctica (the territory South of 60 deg S),EU,Terrorism Financing,Again network open according remain arrive.,High,True,True,True,REG-2021-132,2024-05-26,2025-08-06,Active,2025-06-13 17:09:32.542266,2026-05-11 17:09:32.542266
SANC_511274d011054a64b0100d2e9431ca55,Shannon Jones,Organization,Czech Republic,EU,Regime Sanctions,Everything magazine much rich think.,High,False,False,True,REG-2022-196,2023-08-02,,Active,2025-07-26 17:09:32.542796,2026-04-26 17:09:32.542796
SANC_1a9bddab2d054eb993e093e9e15d0eb9,Richard Aguirre,Organization,Syria,OFAC,Terrorism Financing,Behind probably great in tell.,High,False,False,True,REG-2021-354,2024-08-31,,Active,2025-06-02 17:09:32.542796,2026-04-14 17:09:32.542796
SANC_1ac774c98cdb486ba3b2bd6345b92bf3,Victoria Garcia,Individual,Saint Pierre and Miquelon,UKHM,Narcotics,Rock song body court movie cell.,High,False,True,True,REG-2021-767,2023-07-23,2024-08-06,Active,2026-01-15 17:09:32.542796,2026-03-06 17:09:32.542796
SANC_1c241bc269734f5e92efa2cfbd83210c,Ford-Baxter,Individual,Mayotte,UKHM,Regime Sanctions,Kitchen technology nearly anything.,High,False,True,True,REG-2022-488,2023-10-31,,Active,2025-08-16 17:09:32.543329,2026-05-08 17:09:32.543329
SANC_4dfe49007a2644d8b24eb3f68e8d0f45,Novak and Sons,Organization,Bosnia and Herzegovina,UKHM,Regime Sanctions,Image loss ten total.,High,True,False,True,REG-2022-159,2024-08-03,2027-02-09,Active,2026-01-31 17:09:32.543329,2026-03-07 17:09:32.543329
SANC_7bd765de163849a6bec7af01081ce95d,William Baker,Individual,Antarctica (the territory South of 60 deg S),UKHM,Narcotics,Expect recent room situation product main couple.,High,True,True,True,REG-2021-709,2023-10-16,,Active,2025-11-03 17:09:32.543329,2026-04-20 17:09:32.543329
SANC_4195be27ee4a429a9051bead968524c5,Lauren Daniels,Vessel,Burundi,OFAC,Terrorism Financing,Arm once me system church whether.,Critical,False,False,True,REG-2022-785,2023-11-27,2025-07-28,Active,2025-10-19 17:09:32.543329,2026-04-21 17:09:32.543329
SANC_7db231845c5a4103999dddc4b193c0ee,Andrea Jones,Vessel,Bosnia and Herzegovina,UKHM,Cyber Crime,Identify walk now often always.,High,True,False,True,REG-2025-676,2023-08-12,2024-10-25,Active,2025-06-01 17:09:32.543864,2026-05-14 17:09:32.543864
SANC_42a661a344434ad7928b2f5310fd8bcd,Sandoval-Cunningham,Individual,Saint Vincent and the Grenadines,OFAC,Narcotics,Various daughter respond draw how public.,Critical,False,True,True,REG-2024-953,2023-08-13,2025-06-17,Active,2025-04-24 17:09:32.543864,2026-03-19 17:09:32.543864
SANC_6e8294f341f841358cc1bcd6e62da589,Stewart-Walton,Vessel,Antigua and Barbuda,UN,Terrorism Financing,Act perform none beyond.,High,False,True,True,REG-2021-860,2024-01-30,2025-11-03,Active,2025-10-10 17:09:32.544395,2026-03-25 17:09:32.544395
SANC_dcd5f2bb78b3463a9b1367008a6a67fc,Derek Mahoney,Organization,Czech Republic,UN,Regime Sanctions,These hard citizen street.,Critical,True,True,True,REG-2024-949,2024-08-01,,Active,2026-03-02 17:09:32.544395,2026-04-29 17:09:32.544395
SANC_955cfbfddad8489f9c2727e801fb1d9b,Carr-Archer,Vessel,Saint Pierre and Miquelon,EU,Regime Sanctions,Account stage federal professional voice care break.,Critical,True,True,True,REG-2021-807,2024-12-08,2027-06-19,Active,2026-02-13 17:09:32.544395,2026-04-24 17:09:32.544395
SANC_4344ab17c1be4bcf9f1749c230174e8e,"Tran, Nelson and Jacobs",Individual,Mayotte,EU,Terrorism Financing,Data plant enough major town suffer.,Critical,False,True,True,REG-2023-315,2023-09-02,2026-07-15,Active,2026-01-10 17:09:32.544924,2026-04-26 17:09:32.544924
SANC_4ce4eef551934bf0b05fcbae8876c319,"Henderson, Hill and Smith",Organization,Bermuda,EU,Narcotics,Pm energy scientist necessary.,High,True,False,True,REG-2021-283,2023-08-21,2025-07-26,Active,2025-01-27 17:09:32.544924,2026-04-19 17:09:32.544924
SANC_c55c83ebc3454abe9eeb340dec7f8ee0,"Smith, Jones and Ware",Vessel,Burundi,UN,Narcotics,Nation strong old challenge.,High,False,True,True,REG-2024-327,2024-05-08,,Active,2025-07-11 17:09:32.545451,2026-04-27 17:09:32.545451
SANC_47385d5275624069b2c4ea22919347aa,Jacob Fitzpatrick,Individual,Burundi,OFAC,Narcotics,Together decide economic.,Critical,False,False,True,REG-2021-891,2023-09-17,,Active,2025-04-09 17:09:32.545451,2026-04-06 17:09:32.545451
SANC_fc2c73d4c7ff4871a5e4aa820e28145c,Justin Baxter,Vessel,Philippines,OFAC,Terrorism Financing,See understand door class son computer include conference.,Critical,True,False,True,REG-2021-211,2023-08-29,2025-08-16,Active,2025-02-23 17:09:32.545451,2026-05-01 17:09:32.545451
SANC_c6135ae3ad294a1790ddb4aba8a42887,Timothy Pham,Vessel,Saint Vincent and the Grenadines,UKHM,Narcotics,Environment skin blue the teach.,Critical,True,False,True,REG-2021-632,2025-05-29,2027-12-01,Active,2025-03-17 17:09:32.545980,2026-03-10 17:09:32.545980
SANC_096777ae67f44b128a351c9ac9abcd46,Velasquez Group,Vessel,North Korea,EU,Cyber Crime,Figure somebody dinner age cover foreign.,Critical,True,False,True,REG-2025-421,2023-11-30,2025-04-05,Active,2025-02-28 17:09:32.545980,2026-05-03 17:09:32.545980
SANC_b4a695169f3c456b8e4c11f1927d99ce,Rasmussen LLC,Vessel,Mayotte,UN,Regime Sanctions,Political hundred wonder movie voice boy.,Critical,True,True,True,REG-2024-780,2025-04-12,2028-03-05,Active,2025-02-13 17:09:32.546592,2026-05-19 17:09:32.546592
SANC_64c49da9417948c590a615783f3b4732,Carpenter LLC,Organization,Uganda,OFAC,Cyber Crime,Board its rock.,Critical,True,False,True,REG-2025-721,2023-12-30,2026-04-19,Active,2025-07-20 17:09:32.546592,2026-04-15 17:09:32.546592
SANC_a5f2f60c4b3441d493ab1f2f9cac1dde,Obrien-Dixon,Vessel,Nauru,EU,Terrorism Financing,Tonight couple and job mind southern.,Critical,False,True,True,REG-2022-788,2024-02-09,2025-08-30,Active,2025-12-18 17:09:32.547119,2026-06-07 17:09:32.547119
SANC_f7e5d97f76d14b63897cb803e4a7f445,Natalie Lambert,Organization,Bermuda,OFAC,Regime Sanctions,Issue we TV perhaps professional by.,Critical,True,False,True,REG-2024-509,2024-11-25,,Active,2025-04-02 17:09:32.547119,2026-03-14 17:09:32.547119
SANC_ee47727df24342ae9a8d17a38ee8e260,Eric Ortiz,Individual,Mayotte,EU,Narcotics,Recent never court professor here security.,Critical,True,True,True,REG-2021-567,2025-05-10,,Active,2025-07-09 17:09:32.547119,2026-03-17 17:09:32.547119
SANC_3700ecddf9624c42be3ee1034e9d05e4,"Carroll, Sullivan and Bass",Vessel,Bermuda,UN,Regime Sanctions,Expert involve oil pressure let.,Critical,False,True,True,REG-2024-560,2023-10-24,,Active,2025-10-28 17:09:32.547119,2026-03-21 17:09:32.547119
SANC_cd0cbd0360f547a29a34a08f21e3f76f,Kayla Leon,Vessel,Nauru,EU,Cyber Crime,Probably exist professional people.,Critical,True,False,True,REG-2022-378,2024-05-19,2026-11-23,Active,2026-01-21 17:09:32.547119,2026-05-24 17:09:32.547119
SANC_d65bee0e29044911bfb474140af978f8,Nicole Chambers,Organization,Russia,EU,Narcotics,Southern challenge animal worker particularly.,High,False,False,True,REG-2023-655,2023-08-22,2024-10-23,Active,2025-11-18 17:09:32.548129,2026-04-18 17:09:32.548129
SANC_a2ed6e727dfd42e79e0d255cd7cc4aca,Jason Soto,Vessel,Russia,OFAC,Regime Sanctions,Responsibility himself hundred challenge reach.,Critical,True,False,True,REG-2023-871,2025-01-27,2027-04-01,Active,2025-06-01 17:09:32.548129,2026-03-07 17:09:32.548129
SANC_fe78356b3f184ded8b625ae8b0116d53,Osborne and Sons,Vessel,Burundi,UKHM,Narcotics,Sound receive let newspaper.,Critical,False,False,True,REG-2021-498,2025-05-04,2028-03-29,Active,2025-08-08 17:09:32.548129,2026-03-10 17:09:32.548129
SANC_b92546226d974698bc2aeb9efe7f1420,Joyce Solis,Organization,Falkland Islands (Malvinas),OFAC,Regime Sanctions,Write other wear through partner rest measure.,High,True,False,True,REG-2022-987,2025-05-23,2026-07-13,Active,2025-10-21 17:09:32.548129,2026-04-23 17:09:32.548129
SANC_5fac13497f004036b2b272cacb8c27b8,Jill Moore,Organization,Philippines,UN,Regime Sanctions,Late seem style everyone sing machine dream.,Critical,False,False,True,REG-2021-581,2025-03-17,,Active,2025-05-31 17:09:32.548129,2026-06-04 17:09:32.548129
SANC_e2fc82c41b3243af8496bfad821fce3c,Reeves and Sons,Organization,Burundi,OFAC,Terrorism Financing,From throw ball character him.,High,True,True,True,REG-2021-736,2024-05-17,,Active,2025-12-29 17:09:32.548129,2026-04-11 17:09:32.548129
SANC_8039ee954f9b40119370f6fad93964fc,"Lewis, Perry and Rivera",Vessel,Czech Republic,UKHM,Cyber Crime,Indeed deal information toward once receive task.,Critical,True,True,True,REG-2022-418,2023-10-07,,Active,2026-02-18 17:09:32.549130,2026-05-02 17:09:32.549130
SANC_a6174f8213be41308aa7b3bde82f0e61,"James, Smith and Bell",Organization,Uganda,EU,Terrorism Financing,Table well industry section national owner.,High,True,False,True,REG-2025-924,2025-01-25,,Active,2025-05-18 17:09:32.549130,2026-06-05 17:09:32.549130
SANC_f73bad05e3004316863ab16f9404d34f,Don Tucker MD,Organization,North Korea,UN,Terrorism Financing,Right subject try wonder move trade.,Critical,True,False,True,REG-2024-208,2023-11-29,2025-12-03,Active,2025-04-12 17:09:32.549130,2026-04-13 17:09:32.549130
SANC_57974d0eb58044dda241aaf9683e5868,"Alvarado, Miller and Patterson",Organization,Ecuador,UN,Regime Sanctions,Consider employee force lawyer front they everything.,Critical,False,False,True,REG-2023-972,2024-09-12,,Active,2026-01-18 17:09:32.549130,2026-05-06 17:09:32.549130
SANC_ad2d53e0e42f4a978c256ddafcf133da,King-Miller,Individual,Benin,UKHM,Cyber Crime,See appear weight.,High,False,False,True,REG-2022-599,2025-03-18,,Active,2025-10-22 17:09:32.550128,2026-04-28 17:09:32.550128
SANC_9a2152f1691f4739a94e86fc69811bdc,Rachael Pearson,Vessel,Russia,UN,Terrorism Financing,Wear current after.,High,True,True,True,REG-2024-600,2023-12-02,2025-08-04,Active,2025-03-15 17:09:32.550128,2026-04-11 17:09:32.550128
SANC_a9fe6f45f90846ba82ad17d6263f8511,Martinez Ltd,Organization,Benin,OFAC,Terrorism Financing,Nor design record short.,Critical,True,False,True,REG-2022-413,2023-10-07,2025-10-18,Active,2025-07-04 17:09:32.550128,2026-04-01 17:09:32.550128
SANC_da7a9590cbae4a4a969deb67a6719302,"Lawson, Adkins and Wilson",Organization,Syria,UN,Cyber Crime,Who blue agent find.,Critical,False,False,True,REG-2023-336,2023-10-19,,Active,2025-11-25 17:09:32.550637,2026-05-01 17:09:32.550637
SANC_3604006c651349259ac1d334063eb8aa,Jaime David,Vessel,Russia,EU,Narcotics,Away real physical big significant.,High,False,False,True,REG-2025-878,2024-11-18,2026-09-03,Active,2026-01-11 17:09:32.550637,2026-05-17 17:09:32.550637
SANC_452dfa905fe14a7498df12928498129d,Renee Hogan,Organization,Ecuador,UN,Terrorism Financing,Site girl into have media game support.,High,False,True,True,REG-2021-666,2025-04-01,,Active,2025-12-29 17:09:32.550637,2026-03-21 17:09:32.550637
SANC_65e3864a985a44118f48b86850bdd4f9,Garcia-Yu,Organization,Saint Vincent and the Grenadines,OFAC,Cyber Crime,Religious itself safe whole establish space Mrs.,Critical,False,False,True,REG-2023-288,2025-03-10,2026-11-23,Active,2025-07-02 17:09:32.550637,2026-05-27 17:09:32.550637
SANC_233f5a57960d4e05a52950917901fdec,Graham-Simon,Organization,Nauru,OFAC,Terrorism Financing,Focus early various everything late.,High,True,False,True,REG-2021-354,2024-06-20,,Active,2025-02-05 17:09:32.550637,2026-04-18 17:09:32.550637
SANC_7595b362ba1c4e8bb3c19b0b7bbd8296,Hudson-Barnett,Vessel,Burundi,UKHM,Regime Sanctions,Agreement surface consider deep something future.,Critical,False,False,True,REG-2023-682,2025-01-13,2027-09-29,Active,2025-02-18 17:09:32.551644,2026-05-29 17:09:32.551644
SANC_cc67195771874b538a62f1e0fbfbf4c6,"Haynes, Hill and Smith",Individual,Iran,EU,Cyber Crime,Beat result major serve real.,High,True,True,True,REG-2022-665,2025-04-24,,Active,2026-03-02 17:09:32.551644,2026-04-19 17:09:32.551644
SANC_82482a64e3a546789430305b0d9b46d8,Joan Smith,Vessel,Nauru,UN,Terrorism Financing,Develop reality fill ok list.,High,False,False,True,REG-2024-172,2024-10-24,2026-07-21,Active,2025-04-17 17:09:32.551644,2026-03-27 17:09:32.551644
SANC_7552213a1197489294505232ee974840,Coleman-Reese,Individual,Mayotte,OFAC,Narcotics,Goal law fill discover return firm.,High,False,True,True,REG-2021-161,2024-07-27,,Active,2025-09-27 17:09:32.551644,2026-03-26 17:09:32.551644
SANC_98d3e3c5ec4f4a3582c095eb3428675c,"Tapia, Vaughn and Lee",Vessel,Bosnia and Herzegovina,UKHM,Terrorism Financing,Everybody operation set others wonder strategy fast.,Critical,False,False,True,REG-2023-612,2025-01-08,2027-04-01,Active,2026-01-21 17:09:32.552641,2026-03-26 17:09:32.552641
SANC_4733caff4d94467db7a1f36951fb2e30,Adrian Ferguson,Organization,Syria,UN,Cyber Crime,Animal approach factor want point.,High,True,True,True,REG-2025-701,2024-03-17,2027-02-03,Active,2025-10-17 17:09:32.552641,2026-03-29 17:09:32.552641
SANC_c42ac8f4cadd47c388758120582c2196,Shane Andrews MD,Individual,Nauru,UKHM,Cyber Crime,Future whole education technology box assume.,High,False,False,True,REG-2021-581,2025-01-15,2026-12-22,Active,2025-09-20 17:09:32.552641,2026-03-17 17:09:32.552641
SANC_0f6bc9dd1727455c98ba6f8c9bafb572,Mark Brown,Individual,Philippines,UKHM,Regime Sanctions,Specific we be easy.,Critical,False,True,True,REG-2024-190,2024-06-26,2026-05-23,Active,2026-01-03 17:09:32.552641,2026-03-04 17:09:32.552641
SANC_076781d7e5834eba81c749ed3740a053,Lisa Gibbs,Vessel,Northern Mariana Islands,UKHM,Regime Sanctions,Simply herself training father open.,High,True,False,True,REG-2025-874,2024-08-17,2026-11-12,Active,2025-02-07 17:09:32.552641,2026-06-04 17:09:32.552641
SANC_dc9918cd9e5c4cbaae0839296f1bfd2a,Marc Lynch,Vessel,Falkland Islands (Malvinas),UN,Regime Sanctions,Way debate decision produce.,Critical,True,True,True,REG-2025-918,2024-05-09,,Active,2025-12-12 17:09:32.553655,2026-05-02 17:09:32.553655
SANC_1e863f54927442209a9a29df04d2ff8a,Thompson Inc,Vessel,Mayotte,OFAC,Narcotics,Able late order fact.,High,False,True,True,REG-2022-610,2023-10-10,2025-08-03,Active,2025-06-16 17:09:32.553655,2026-03-12 17:09:32.553655
SANC_0c186d7d011a499aaf46b3eb5d16da65,Douglas Heath,Organization,Nauru,EU,Regime Sanctions,Reach under skin person.,High,False,True,True,REG-2025-620,2023-12-07,2025-04-24,Active,2026-01-27 17:09:32.553655,2026-05-06 17:09:32.553655
SANC_0c6a8e8901f74f9eb487fbde44f1f943,Coleman PLC,Organization,Philippines,UN,Terrorism Financing,Positive training step author coach.,Critical,False,False,True,REG-2022-557,2024-11-05,2026-10-24,Active,2025-09-14 17:09:32.553655,2026-04-01 17:09:32.553655
SANC_585350ac6aa64abb9abbfeb34cb2a393,"Curry, Carroll and Roberts",Organization,Benin,UN,Narcotics,Light fight I evening.,High,False,True,True,REG-2024-144,2024-02-04,2026-06-02,Active,2025-03-07 17:09:32.554646,2026-04-23 17:09:32.554646
SANC_015dd266614f4ec9950e9dd67484a0b4,Bobby Williams MD,Vessel,Iran,EU,Regime Sanctions,Page ago director purpose team onto.,High,True,False,True,REG-2021-995,2024-08-03,2025-11-13,Active,2025-06-07 17:09:32.554646,2026-04-13 17:09:32.554646
SANC_65257a06f1234cb79acd62bce637da85,Miss Debra Williams PhD,Individual,Mayotte,EU,Terrorism Financing,Million kind everything young job sport why.,Critical,False,False,True,REG-2025-809,2023-06-27,2024-09-16,Active,2025-09-16 17:09:32.554646,2026-03-16 17:09:32.554646
SANC_5357adb06a014c25b1b7d70c338d81ee,Ortiz-Morris,Organization,Philippines,UKHM,Terrorism Financing,Tax form really explain.,High,True,False,True,REG-2022-864,2024-06-10,,Active,2026-01-12 17:09:32.554646,2026-03-05 17:09:32.554646
SANC_9715a54cbfe44151a6091b9c91932cfe,"Johnson, Miller and King",Individual,Benin,EU,Cyber Crime,Wife identify method write.,High,True,False,True,REG-2021-400,2024-04-17,2026-07-02,Active,2025-12-19 17:09:32.555639,2026-05-10 17:09:32.555639
SANC_46de56ba2c1547b2864084a0b2ebd96b,"Murray, Brown and Stone",Vessel,North Korea,EU,Narcotics,Series personal service data near until just recognize.,High,True,False,True,REG-2025-799,2024-11-02,,Active,2025-05-09 17:09:32.555639,2026-05-23 17:09:32.555639
SANC_1653daffc0294da893123d203ed92b5d,Mark Lloyd,Vessel,Saint Pierre and Miquelon,UKHM,Cyber Crime,Financial add impact different.,High,False,False,True,REG-2025-261,2023-09-13,,Active,2025-09-08 17:09:32.555639,2026-03-27 17:09:32.555639
SANC_770c11b567b94e7c8907fcd8d9410689,Julia Wilson,Organization,Russia,UN,Regime Sanctions,Marriage respond meeting event.,Critical,True,False,True,REG-2024-209,2025-03-25,,Active,2025-05-15 17:09:32.556151,2026-04-26 17:09:32.556151
SANC_168c43df303b4c0aaab9e425678fc463,Baird-Sanchez,Vessel,Bosnia and Herzegovina,OFAC,Regime Sanctions,Certain course out second carry attorney significant.,Critical,True,True,True,REG-2025-863,2025-03-20,2027-01-07,Active,2025-01-30 17:09:32.556151,2026-05-12 17:09:32.556151
SANC_b95b699fe9e245bbbfae4a806d93aeb8,Morgan-French,Organization,Burundi,EU,Cyber Crime,Star executive fear only your.,High,True,True,True,REG-2023-907,2025-04-04,2027-11-18,Active,2025-08-29 17:09:32.556151,2026-03-09 17:09:32.556151
SANC_f717344ef4f048a4a591c934e4d4e9c1,Jill Washington,Organization,Philippines,UKHM,Narcotics,Necessary myself lay focus country recently.,High,True,False,True,REG-2025-613,2024-06-25,2025-12-10,Active,2025-10-23 17:09:32.556151,2026-04-10 17:09:32.556151
SANC_e421e04468f84da492768e6fd3985133,Hall-Rowe,Organization,Syria,UN,Terrorism Financing,Fish list tree.,Critical,True,True,True,REG-2022-980,2024-08-28,2027-07-19,Active,2025-08-12 17:09:32.556151,2026-03-31 17:09:32.556151
SANC_8cc5b773983543b582165e1bf2c70883,Matthew Hoover,Organization,Northern Mariana Islands,UN,Terrorism Financing,Manager already maybe opportunity.,Critical,False,False,True,REG-2025-490,2024-04-02,2026-04-17,Active,2026-01-07 17:09:32.557153,2026-03-16 17:09:32.557153
SANC_70c9fa7a7ed0418e902906662b500304,Ryan Garcia,Individual,Bermuda,UN,Narcotics,Address century that wide avoid sit enter.,High,False,False,True,REG-2024-219,2025-04-16,,Active,2026-02-12 17:09:32.557153,2026-05-03 17:09:32.557153
SANC_713557ac82e74d56ad540a368369e3d6,"Sanders, Miller and Murphy",Individual,Saint Vincent and the Grenadines,EU,Narcotics,Here first responsibility service their along attention.,Critical,False,False,True,REG-2025-529,2024-10-07,2026-03-14,Active,2025-08-03 17:09:32.557153,2026-03-19 17:09:32.557153
SANC_5ac94f1f01294ae4bc97705f203b6ac2,Donna Perez,Organization,Bermuda,UKHM,Cyber Crime,Its better plant their.,High,False,True,True,REG-2024-555,2024-10-13,2026-10-19,Active,2026-01-12 17:09:32.557153,2026-03-15 17:09:32.557153
SANC_2dd70e8dbfbe4651a1a9a48f9e6eb41d,Elijah Johnson,Vessel,Saint Vincent and the Grenadines,OFAC,Regime Sanctions,Someone fall hear certainly most not.,Critical,True,True,True,REG-2024-193,2024-05-20,2027-03-08,Active,2025-04-10 17:09:32.557153,2026-03-26 17:09:32.557153
SANC_b3b24b890c774d3781f70e05fc75c872,Jackson Inc,Individual,Philippines,EU,Narcotics,That people drive tree central leave effect effort.,High,True,True,True,REG-2025-321,2025-02-15,2026-10-11,Active,2025-09-16 17:09:32.557153,2026-05-23 17:09:32.557153
SANC_b659c0d078914d0f8aed09d03dabb0cc,Santana-Byrd,Vessel,Northern Mariana Islands,UN,Narcotics,Available war write federal.,High,False,True,True,REG-2021-776,2023-06-18,2024-10-29,Active,2026-02-24 17:09:32.558153,2026-04-26 17:09:32.558153
SANC_74a6cdbfcb04421d8eee376eb9aa6093,"Wright, Bruce and Gonzalez",Individual,Antarctica (the territory South of 60 deg S),UN,Terrorism Financing,Table blood high grow fast recognize.,High,False,True,True,REG-2022-859,2024-05-05,2025-08-29,Active,2025-02-15 17:09:32.558153,2026-06-02 17:09:32.558153
SANC_2f5fdaac6cdd46d0861e75dab201360f,Mary Hill,Organization,Jamaica,OFAC,Regime Sanctions,Ten sing wind treat seat strategy total.,High,True,False,True,REG-2024-758,2023-06-28,2024-08-28,Active,2025-07-01 17:09:32.558153,2026-04-20 17:09:32.558153
SANC_d0bc9dc50dfd444c9cba01a25565cc98,Lisa Gomez,Individual,Nauru,UKHM,Terrorism Financing,Per question return process stuff.,High,False,True,True,REG-2021-229,2025-02-02,,Active,2025-04-13 17:09:32.558153,2026-03-28 17:09:32.558153
SANC_ff00e0f0fb844264a93a4e3148c17c56,Berger Ltd,Organization,Uganda,UN,Regime Sanctions,Final kid often.,Critical,True,True,True,REG-2025-838,2024-10-10,2026-12-24,Active,2025-07-15 17:09:32.558153,2026-05-12 17:09:32.558153
SANC_4f1582dce56d4c86af72b2338382db85,Theodore Murphy,Organization,Uganda,UKHM,Terrorism Financing,Compare car much will most tree.,Critical,False,False,True,REG-2023-483,2024-12-30,2027-12-03,Active,2025-07-04 17:09:32.559162,2026-06-02 17:09:32.559162
SANC_db072ec30ef84e56b0f356ded4790e54,Thomas Raymond,Individual,Anguilla,UKHM,Terrorism Financing,Second full boy while cell.,Critical,True,True,True,REG-2025-675,2025-03-17,2028-02-01,Active,2025-12-31 17:09:32.559162,2026-04-19 17:09:32.559162
SANC_60c5dc695c4c40caaa5a14a7566ed2bf,Misty Whitney,Vessel,Mayotte,OFAC,Cyber Crime,Hand so add Mr lawyer pull public.,Critical,False,True,True,REG-2025-619,2023-12-03,,Active,2025-04-01 17:09:32.559162,2026-04-10 17:09:32.559162
SANC_99e30e55d1804828bfae273fe8fd27e6,Mark Watson,Individual,Saint Vincent and the Grenadines,UN,Terrorism Financing,Likely people wall foreign particular.,Critical,True,False,True,REG-2025-885,2024-09-07,2027-05-28,Active,2025-03-23 17:09:32.559162,2026-03-20 17:09:32.559162
SANC_4c470f1f25b14c139a51e1e11b5c405f,Reid Group,Vessel,North Korea,UN,Terrorism Financing,Power bring animal also you.,High,False,False,True,REG-2023-459,2024-10-26,,Active,2025-12-20 17:09:32.559162,2026-03-30 17:09:32.559162
SANC_260b0ccc256b4932b0fb894f039249ff,Young PLC,Individual,Falkland Islands (Malvinas),OFAC,Terrorism Financing,Home he we recent.,High,False,False,True,REG-2024-449,2023-09-09,,Active,2025-09-25 17:09:32.560159,2026-03-10 17:09:32.560159
SANC_d9a7343678eb4566a045dda3f22d8331,Patrick Moore,Vessel,Bermuda,OFAC,Terrorism Financing,Pressure street past voice evidence real.,High,True,True,True,REG-2021-378,2024-08-03,2026-10-11,Active,2025-06-28 17:09:32.560159,2026-03-25 17:09:32.560159
SANC_a0d95a63158548cca9b83f0e4fe77a70,Trevor Foley,Organization,Czech Republic,OFAC,Cyber Crime,Wonder happen top population.,Critical,True,False,True,REG-2025-598,2023-11-26,2025-10-06,Active,2026-02-08 17:09:32.560159,2026-05-13 17:09:32.560159
SANC_3f2babfb406447b2a0c76daf18d17706,Colton Martinez,Vessel,Bouvet Island (Bouvetoya),OFAC,Narcotics,Begin deep police wife anything four writer.,Critical,True,True,True,REG-2023-396,2023-07-28,2024-08-03,Active,2025-06-22 17:09:32.560665,2026-03-07 17:09:32.560665
SANC_424cd44833c3463c88b7c84739defa7c,Andrea Hubbard,Individual,Uganda,EU,Cyber Crime,Only spend do similar small.,High,False,True,True,REG-2024-119,2025-02-11,2026-05-01,Active,2025-09-24 17:09:32.560665,2026-03-29 17:09:32.560665
SANC_aca0f3c5f8644713a4d265355b1116c4,Scott Thomas,Organization,Russia,UKHM,Cyber Crime,Music sometimes body term.,High,False,True,True,REG-2023-275,2024-09-15,2027-06-09,Active,2025-07-11 17:09:32.560665,2026-03-14 17:09:32.560665
SANC_4e4a3bc099944f8190f0c88d06c8a290,Howard and Sons,Individual,Mayotte,OFAC,Narcotics,Food company appear score moment second live sing.,Critical,False,True,True,REG-2024-991,2023-09-21,2025-09-02,Active,2025-11-10 17:09:32.561780,2026-04-29 17:09:32.561780
SANC_cbd4f709255e47a699492ebfddf12f54,"Rodriguez, Gordon and Dougherty",Individual,Jamaica,OFAC,Narcotics,Road training probably.,Critical,False,True,True,REG-2022-205,2024-07-13,,Active,2025-11-22 17:09:32.561780,2026-05-19 17:09:32.561780
SANC_bdaf572388db44599db3b7c828a4513f,Schneider-Johnson,Vessel,Anguilla,EU,Regime Sanctions,Suggest international blue Republican kitchen tonight focus.,Critical,False,False,True,REG-2023-254,2024-01-31,2026-05-25,Active,2025-07-20 17:09:32.561780,2026-03-22 17:09:32.561780
SANC_65923147b4d34f97a2ac4f7d05bd1d6c,Donald Schultz,Organization,Antarctica (the territory South of 60 deg S),OFAC,Cyber Crime,Republican herself our far measure involve soldier.,High,False,False,True,REG-2024-138,2023-10-04,,Active,2025-10-08 17:09:32.561780,2026-06-01 17:09:32.561780
SANC_799ee97e448e44b7996cafce27085aab,"Curtis, Mack and Le",Individual,Bermuda,UKHM,Regime Sanctions,Involve thousand including still human.,High,False,True,True,REG-2023-719,2023-09-07,2025-02-07,Active,2026-01-31 17:09:32.562786,2026-04-14 17:09:32.562786
SANC_e21ab3d2fe6a484da4349429f8c2f4c0,Jeffery Ortega,Organization,Russia,OFAC,Narcotics,Well rather listen before be it.,High,True,False,True,REG-2024-636,2024-12-28,2026-06-08,Active,2025-08-29 17:09:32.562786,2026-04-24 17:09:32.562786
SANC_ec3199fb338e4b94b2c50b4d7b3e5eb8,"Watson, Anderson and Brown",Organization,Mayotte,UN,Terrorism Financing,No prove improve them wait institution trouble.,Critical,True,False,True,REG-2021-671,2025-01-09,2026-10-26,Active,2025-10-25 17:09:32.563790,2026-03-10 17:09:32.563790
SANC_b9a4e1b1b3494f61972ba9db8ce955f9,Burke-Bell,Vessel,Falkland Islands (Malvinas),UN,Terrorism Financing,Medical choice lot suggest glass news boy.,High,False,False,True,REG-2024-232,2023-07-20,2024-10-13,Active,2025-09-26 17:09:32.563790,2026-03-31 17:09:32.563790
SANC_1af45c04bdf24c90947c4fd4b53ca270,Renee Bruce,Organization,Falkland Islands (Malvinas),OFAC,Regime Sanctions,Party poor ago upon stop environment Congress reflect.,Critical,True,False,True,REG-2023-284,2024-01-13,2025-12-27,Active,2025-02-04 17:09:32.563790,2026-04-09 17:09:32.563790
SANC_e5c568b5a75f43faaf6fe531e5ae3f9b,Heather White,Individual,Falkland Islands (Malvinas),OFAC,Cyber Crime,Not husband center plan.,High,True,False,True,REG-2025-234,2024-02-05,2025-07-11,Active,2025-12-10 17:09:32.563790,2026-05-18 17:09:32.563790
SANC_573ec585a7d44165a912cef539966c85,Reese and Sons,Vessel,Ecuador,UKHM,Terrorism Financing,Information game have return since nothing.,Critical,False,True,True,REG-2024-725,2023-07-04,,Active,2025-02-13 17:09:32.563790,2026-04-14 17:09:32.563790
SANC_921d4666129d40bd9ed0f1868f3a9d0a,Brittney Webster,Individual,Bosnia and Herzegovina,UKHM,Narcotics,Purpose evening product.,Critical,False,False,True,REG-2023-896,2023-08-15,2026-02-05,Active,2025-08-01 17:09:32.563790,2026-05-21 17:09:32.563790
SANC_bc946eb585f44292bbc5515efbaff6c2,"Ramos, Nelson and Fischer",Vessel,Falkland Islands (Malvinas),UN,Terrorism Financing,Generation book question or.,Critical,False,True,True,REG-2025-971,2024-06-22,,Active,2026-01-20 17:09:32.564789,2026-03-05 17:09:32.564789
SANC_8d4673082fb940dcbdf6bce0292f194d,Amber Foster,Organization,Jamaica,EU,Regime Sanctions,Area daughter war should share face build market.,High,True,False,True,REG-2023-127,2024-07-24,2026-09-02,Active,2025-06-19 17:09:32.564789,2026-04-24 17:09:32.564789
SANC_7c551517d79b468d8b5bbc1fc47797cb,James Padilla,Individual,Saint Vincent and the Grenadines,EU,Terrorism Financing,Next property government however score job least.,Critical,True,False,True,REG-2022-240,2024-05-10,,Active,2025-07-05 17:09:32.564789,2026-03-13 17:09:32.564789
SANC_0f525dede37648c0b6989106804e854a,Johnston-Berry,Vessel,Nauru,UKHM,Terrorism Financing,Face if whom commercial way least.,High,True,False,True,REG-2022-955,2023-08-10,,Active,2025-02-24 17:09:32.564789,2026-03-25 17:09:32.564789
SANC_ce214298e8ce48aaa4f9928df98e96c0,Davis-Richard,Individual,Bosnia and Herzegovina,EU,Cyber Crime,Job hundred bad that second.,High,True,True,True,REG-2024-754,2024-11-27,2027-03-10,Active,2026-01-30 17:09:32.564789,2026-05-27 17:09:32.564789
SANC_0e2085ce8acc43a58c01424cac5a1774,Maxwell-Jones,Organization,Bermuda,OFAC,Narcotics,Most create simply go.,High,False,False,True,REG-2021-729,2023-11-30,2026-07-06,Active,2025-08-02 17:09:32.565790,2026-05-18 17:09:32.565790
SANC_2bf5b137758f400989928672da47fd92,"Briggs, Young and Thomas",Individual,Jamaica,UN,Terrorism Financing,Community check service away week.,High,False,False,True,REG-2021-750,2025-03-08,2027-03-25,Active,2025-10-25 17:09:32.565790,2026-03-07 17:09:32.565790
SANC_421be2198a684d1bbd1025f99510e6de,Paul Wolf MD,Individual,Saint Vincent and the Grenadines,EU,Terrorism Financing,Poor worry follow wife firm key light.,Critical,True,True,True,REG-2023-659,2024-10-10,2027-07-30,Active,2025-12-04 17:09:32.565790,2026-03-15 17:09:32.565790
SANC_c474dee517004f969cda3572fcb8b1b3,Donald Brown,Vessel,Nauru,EU,Narcotics,Avoid left also hard expert popular within.,High,False,True,True,REG-2023-306,2024-10-13,,Active,2025-11-21 17:09:32.565790,2026-06-05 17:09:32.565790
SANC_f6eb374212cf460aa1233b02f312e2f8,Katie Ford,Organization,Jamaica,UKHM,Regime Sanctions,West school American training occur could painting.,Critical,True,True,True,REG-2023-465,2023-08-20,2024-10-06,Active,2025-04-02 17:09:32.565790,2026-04-29 17:09:32.565790
SANC_ab776bfff563402097e53dc7deab4ff5,Antonio Garcia,Organization,Mayotte,UKHM,Regime Sanctions,Word base position always remain yard.,Critical,False,True,True,REG-2024-808,2024-07-04,2026-12-17,Active,2025-10-18 17:09:32.566788,2026-05-31 17:09:32.566788
SANC_eef5f7daa10945faa79e1094eecc9aed,"Bishop, Cox and Hardin",Individual,Mayotte,EU,Cyber Crime,Impact full our smile positive at.,Critical,True,True,True,REG-2023-776,2024-07-22,,Active,2025-07-18 17:09:32.566788,2026-03-25 17:09:32.566788
SANC_91e5edc8cfad431d86b69b71bb87fd51,"Gregory, Mitchell and Cummings",Individual,Russia,UKHM,Cyber Crime,Their four old center glass whose recognize hot.,Critical,True,False,True,REG-2025-545,2023-08-23,,Active,2026-02-02 17:09:32.567298,2026-06-01 17:09:32.567298
SANC_736e4922665e48038b123b36a4a79096,"Hurley, Collins and Bennett",Organization,Saint Vincent and the Grenadines,EU,Terrorism Financing,Spend prove stock school rate money.,High,False,True,True,REG-2022-168,2024-09-15,,Active,2025-04-07 17:09:32.567804,2026-04-25 17:09:32.567804
SANC_06e0a3dde2b34e33b18033addb1f57cf,Katie Smith,Vessel,Bouvet Island (Bouvetoya),EU,Regime Sanctions,Congress degree way main difficult.,Critical,False,False,True,REG-2021-687,2024-10-24,,Active,2025-08-28 17:09:32.568430,2026-04-21 17:09:32.568430
SANC_44bb3c9e4bc342b5aaa94fcc50fc8028,Edward French,Organization,Burundi,OFAC,Terrorism Financing,Side strong this also from short capital.,High,False,False,True,REG-2025-220,2023-09-25,,Active,2025-10-21 17:09:32.568430,2026-03-12 17:09:32.568430
SANC_6bdb5849e478417e9e514478876672f2,Christopher Schwartz,Vessel,Bosnia and Herzegovina,UKHM,Narcotics,Speak close join improve put down know expect.,High,True,True,True,REG-2024-276,2024-03-29,2026-06-27,Active,2026-01-18 17:09:32.568430,2026-03-15 17:09:32.568430
SANC_c7baee86876746ef88d012cd6c363c88,Young-Allen,Organization,North Korea,UN,Terrorism Financing,Tough create question now key show sing.,Critical,False,True,True,REG-2022-912,2025-01-12,2026-08-29,Active,2025-12-31 17:09:32.569949,2026-05-16 17:09:32.569949
SANC_27fb89d4cb314ce3875410449d5ed615,"Barnes, Martin and Gonzalez",Individual,Nauru,OFAC,Cyber Crime,Catch economic political them never bill suffer surface.,Critical,False,True,True,REG-2025-188,2024-07-05,,Active,2025-08-12 17:09:32.570468,2026-03-11 17:09:32.570468
SANC_ecd1be6369b14d98a1a7c92f774e6b59,Hines LLC,Vessel,Mayotte,UKHM,Terrorism Financing,Town challenge join watch develop later glass.,High,False,True,True,REG-2024-577,2024-01-18,2026-01-04,Active,2025-12-28 17:09:32.570468,2026-04-01 17:09:32.570468
SANC_b803014bd3c74cf3af0ec5a5a2e69331,Brown-Shaw,Individual,Falkland Islands (Malvinas),UKHM,Terrorism Financing,History bank different five between.,High,True,False,True,REG-2022-265,2023-07-01,2026-06-26,Active,2025-11-08 17:09:32.570468,2026-04-27 17:09:32.570468
SANC_4bff6e11667d46a7851241a3f075c613,"Rogers, Thomas and Johnson",Vessel,Bosnia and Herzegovina,OFAC,Cyber Crime,Receive catch relationship large accept bad eight.,High,False,True,True,REG-2023-729,2024-12-17,2027-05-15,Active,2025-04-09 17:09:32.571475,2026-05-20 17:09:32.571475
SANC_7ba8978837e442ebae7ab22d346745c3,Dunn Ltd,Vessel,Falkland Islands (Malvinas),EU,Cyber Crime,Month book explain feeling answer information soldier lead.,High,True,True,True,REG-2021-756,2025-03-20,2026-12-16,Active,2025-04-04 17:09:32.571475,2026-05-15 17:09:32.571475
SANC_296d85a853244bfb8c5a89ac3d46337b,Carlson-Smith,Organization,Bermuda,OFAC,Regime Sanctions,Offer responsibility fact ability good number cost.,Critical,False,False,True,REG-2022-924,2023-09-05,2025-10-24,Active,2025-10-02 17:09:32.571475,2026-04-13 17:09:32.571475
SANC_a7b808f4bdb04505a79c919b7c5a8d15,William Jones,Individual,Ecuador,UKHM,Regime Sanctions,Name skill medical after them analysis hit.,Critical,False,True,True,REG-2023-721,2024-11-11,,Active,2025-03-01 17:09:32.572482,2026-05-01 17:09:32.572482
SANC_db3df3b934c7439e8f0bfb8743462aba,Burgess-Kelly,Organization,Uganda,EU,Cyber Crime,General run pick sign.,High,False,True,True,REG-2024-225,2024-03-26,,Active,2025-10-28 17:09:32.572482,2026-05-23 17:09:32.572482
SANC_b6c6ed6c98974e2db25a7aaad81397d1,Brandi Bell,Organization,Uganda,UKHM,Narcotics,Spend compare single let receive place.,High,False,False,True,REG-2022-881,2025-01-02,,Active,2025-06-13 17:09:32.572482,2026-04-12 17:09:32.572482
SANC_8a51a7572a5b4496a2174b6b3e976387,Mike Acevedo,Organization,Nauru,OFAC,Terrorism Financing,Fall analysis current.,Critical,False,True,True,REG-2022-697,2025-03-02,2026-04-22,Active,2025-10-10 17:09:32.573482,2026-04-08 17:09:32.573482
SANC_628c498ff98b42fd93e0180cebf27928,Mahoney-Robertson,Vessel,North Korea,UKHM,Cyber Crime,List already positive experience television answer pretty.,High,True,False,True,REG-2022-370,2023-07-13,2025-08-28,Active,2025-08-28 17:09:32.573482,2026-06-05 17:09:32.573482
SANC_32b7887a6d854971bf3c771646c9487f,Jacob Preston,Vessel,Antigua and Barbuda,EU,Cyber Crime,Thus hit wind many marriage under.,Critical,True,False,True,REG-2025-561,2024-01-09,2025-10-21,Active,2025-04-18 17:09:32.573482,2026-03-15 17:09:32.573482
SANC_fd9302afbacd4f0490e23c01471e0b2a,Owen-Acosta,Individual,Saint Vincent and the Grenadines,UKHM,Cyber Crime,Issue yet Congress family.,Critical,False,True,True,REG-2022-716,2024-07-18,2026-12-12,Active,2026-02-11 17:09:32.574482,2026-06-05 17:09:32.574482
SANC_97331b789de249cbbfbe4f42e356a18e,Matthew Parker,Vessel,Philippines,UKHM,Regime Sanctions,Response coach know language risk treatment past itself.,High,True,False,True,REG-2025-426,2023-08-29,,Active,2025-04-22 17:09:32.574482,2026-03-08 17:09:32.574482
SANC_820ec79aafea43a19cf8d84c6e05e4f2,Jones Ltd,Vessel,Philippines,UKHM,Cyber Crime,Guy song quickly well central parent.,Critical,True,False,True,REG-2023-789,2024-10-19,,Active,2025-08-02 17:09:32.574482,2026-03-28 17:09:32.574482
SANC_eba08b59c2844d6faa9fa4cc3a4a89fa,Cameron Young,Vessel,Russia,OFAC,Regime Sanctions,Gun we allow check last he.,Critical,True,True,True,REG-2025-591,2025-02-06,,Active,2025-04-15 17:09:32.575481,2026-03-10 17:09:32.575481
SANC_97a12793114e48df80b54d9124914480,Berry PLC,Organization,Falkland Islands (Malvinas),EU,Terrorism Financing,Huge power economic box save material.,High,True,True,True,REG-2024-421,2024-05-20,2026-07-16,Active,2025-03-15 17:09:32.575481,2026-05-15 17:09:32.575481
SANC_62242dc797004168a9bf46a0a3e68914,Autumn Hampton,Vessel,Nauru,OFAC,Narcotics,Democrat partner really your customer career available.,High,False,False,True,REG-2025-485,2024-04-06,2025-09-30,Active,2025-07-11 17:09:32.575481,2026-04-03 17:09:32.575481
SANC_9829deed96d34ce48ed22608c11dceee,Jill Miller,Organization,North Korea,UN,Regime Sanctions,Property remember nearly face feel church.,High,True,False,True,REG-2025-405,2023-10-23,,Active,2025-10-02 17:09:32.575481,2026-03-04 17:09:32.575481
SANC_4a4f1efcf64242b59239f69be4c6fd62,Marcia Leon,Individual,Russia,UKHM,Cyber Crime,Difference world society door management guess occur.,Critical,False,False,True,REG-2023-224,2024-12-13,2027-06-22,Active,2025-08-21 17:09:32.576486,2026-04-21 17:09:32.576486
SANC_7b8aa7f850be4f4d9b8d62d00bb7c0f0,"Anderson, Henson and Jones",Individual,Bosnia and Herzegovina,OFAC,Cyber Crime,Yourself rest moment shoulder statement available.,High,False,False,True,REG-2023-865,2024-06-08,2025-12-31,Active,2025-06-01 17:09:32.576486,2026-05-07 17:09:32.576486
SANC_ef726cfc91ef48fcbd83300d72e2b9b2,"Jones, Owens and Holmes",Vessel,Saint Pierre and Miquelon,EU,Terrorism Financing,There sister policy consider.,High,True,True,True,REG-2025-331,2024-02-12,2025-04-05,Active,2026-01-11 17:09:32.577194,2026-04-19 17:09:32.577194
SANC_4bf6b400db264c328aab5f53a816726e,Thomas Brown,Organization,Saint Vincent and the Grenadines,EU,Terrorism Financing,Million fight class various.,High,False,False,True,REG-2024-766,2023-09-19,,Active,2025-10-07 17:09:32.577194,2026-04-30 17:09:32.577194
SANC_d963c13befcf4443bb8ab7f141a602ef,Todd Jacobson,Individual,Anguilla,EU,Terrorism Financing,Economy play nearly by.,High,False,True,True,REG-2021-956,2023-12-03,2026-04-23,Active,2025-11-28 17:09:32.577194,2026-03-07 17:09:32.577194
SANC_97d4fadc3642487c83e3a6673b392cba,"Ferguson, Shaw and Jackson",Organization,Bouvet Island (Bouvetoya),OFAC,Cyber Crime,Child probably result painting successful nor stay agreement.,High,False,False,True,REG-2024-756,2024-02-01,2026-06-20,Active,2025-12-25 17:09:32.578200,2026-04-07 17:09:32.578200
SANC_c4bce9174a8f4444b0c830133ba18b5d,Patricia Baker,Individual,Saint Vincent and the Grenadines,UN,Narcotics,Short indicate police marriage phone.,Critical,False,True,True,REG-2021-854,2023-07-16,2025-05-13,Active,2025-05-17 17:09:32.578200,2026-03-16 17:09:32.578200
SANC_79c857c18a6d4869a15a072857cab80d,"Frye, Webb and Ballard",Individual,Bermuda,UKHM,Regime Sanctions,Father authority art keep machine daughter.,Critical,True,False,True,REG-2021-289,2024-01-21,2026-05-23,Active,2025-09-19 17:09:32.578200,2026-05-10 17:09:32.578200
SANC_0728d6d5a34943fabd6e46f89c0d7aed,Scott Flores,Organization,Burundi,UKHM,Cyber Crime,Wish candidate have no five letter.,Critical,False,True,True,REG-2023-769,2024-09-24,2026-05-23,Active,2026-01-31 17:09:32.578200,2026-03-17 17:09:32.578200
SANC_0fa0227e58984aa9a4fb02975f1fae51,Charles Williams,Organization,Ecuador,UKHM,Cyber Crime,Ten industry while total spend value.,High,False,False,True,REG-2025-326,2024-01-04,,Active,2025-12-25 17:09:32.578200,2026-04-10 17:09:32.578200
SANC_083c3984cb2c4a14912139aa1f8f3929,Phillip Jimenez,Vessel,Bermuda,UN,Regime Sanctions,Level these market bed hotel lead drive.,Critical,True,True,True,REG-2025-994,2024-12-22,2027-06-13,Active,2025-07-18 17:09:32.579307,2026-04-04 17:09:32.579307
SANC_0b6b7d7a59bc40789ee5fc63aa0f5f57,Williams-Campbell,Individual,Antarctica (the territory South of 60 deg S),OFAC,Terrorism Financing,Think pressure like Mr suggest issue think road.,High,True,True,True,REG-2023-974,2024-09-06,2026-01-03,Active,2025-03-20 17:09:32.579307,2026-05-15 17:09:32.579307
SANC_b572cc9a54ee48a58fbc5234f850daf4,Diaz-Morales,Organization,Anguilla,UKHM,Terrorism Financing,No guy eye hit late near stay.,Critical,True,False,True,REG-2024-677,2025-01-24,,Active,2025-07-10 17:09:32.579307,2026-03-16 17:09:32.579307
SANC_8000b6bbaf164122809a1eedc697b1ee,"Carr, Anderson and Davis",Vessel,Northern Mariana Islands,UKHM,Cyber Crime,Some fund voice sense current meeting.,High,True,True,True,REG-2021-533,2024-10-07,2025-12-11,Active,2025-05-30 17:09:32.579818,2026-06-03 17:09:32.579818
SANC_587969c0bf944b669be409336bc44a92,Williams and Sons,Individual,Nauru,OFAC,Cyber Crime,Sound mind chance throw cause use.,Critical,True,True,True,REG-2024-483,2024-07-03,2026-07-29,Active,2025-07-17 17:09:32.579818,2026-04-23 17:09:32.579818
SANC_74c8ad93998e4f6da471e0a73c07132b,William Stevenson,Vessel,North Korea,EU,Cyber Crime,Order medical meeting majority none.,High,True,False,True,REG-2025-230,2024-02-13,2025-09-28,Active,2026-03-02 17:09:32.579818,2026-03-06 17:09:32.579818
SANC_949026678b7e425ab3c8f016caa9048c,Isabella Nunez,Organization,Benin,UKHM,Regime Sanctions,On someone rise read ago listen.,High,True,False,True,REG-2023-258,2024-06-13,,Active,2025-02-25 17:09:32.579818,2026-03-05 17:09:32.579818
SANC_889d495b5aad458c8d6931a9932e0372,Paula Lane,Vessel,Mayotte,OFAC,Narcotics,On color pick.,High,True,True,True,REG-2025-134,2024-11-01,2027-09-20,Active,2025-03-08 17:09:32.579818,2026-06-04 17:09:32.579818
SANC_32273733ef33444c993066ea8da33a02,Jamie Underwood,Individual,Uganda,UKHM,Narcotics,All way body affect finish.,High,True,True,True,REG-2025-396,2024-10-04,,Active,2025-02-22 17:09:32.580823,2026-03-29 17:09:32.580823
SANC_c6e8521e956e46879870fead22330c50,Damon Shaw,Vessel,North Korea,UN,Narcotics,Turn their save artist catch debate foot production.,Critical,True,True,True,REG-2024-407,2023-10-06,,Active,2025-05-22 17:09:32.580823,2026-03-27 17:09:32.580823
SANC_cdccd68c9ffa4536a1db46528aad3967,Edwards-Thompson,Individual,Iran,UKHM,Regime Sanctions,Garden great sign return poor really particular.,High,False,False,True,REG-2025-426,2024-07-23,2026-09-14,Active,2025-12-17 17:09:32.580823,2026-05-03 17:09:32.580823
SANC_192df574b88a456184c35d9883ba369d,Diana Evans,Vessel,Nauru,EU,Narcotics,Side relate real major look.,Critical,True,False,True,REG-2021-675,2023-11-07,2026-01-06,Active,2025-05-22 17:09:32.580823,2026-04-04 17:09:32.580823
SANC_2929525fe36445e19803383c9e9b95c4,Rebecca Hill,Individual,Saint Pierre and Miquelon,EU,Cyber Crime,Of myself time house.,High,False,False,True,REG-2021-648,2024-08-19,2026-03-02,Active,2026-02-05 17:09:32.580823,2026-05-07 17:09:32.580823
SANC_92778c23c5434dfb813561d73055e862,Regina Roberts,Vessel,Bermuda,OFAC,Terrorism Financing,Western bad under pretty section.,High,True,False,True,REG-2022-990,2024-03-05,2026-01-09,Active,2026-02-24 17:09:32.581865,2026-05-14 17:09:32.581865
SANC_15cdbf2c900d44618bddea9266d57f59,Clayton LLC,Vessel,Saint Vincent and the Grenadines,UKHM,Narcotics,Receive case past only drug prove most.,High,False,True,True,REG-2025-429,2023-11-24,2025-12-17,Active,2025-07-08 17:09:32.581865,2026-04-03 17:09:32.581865
SANC_40f0d42c58e44104bed356b9b2bffb61,Williams Group,Organization,Saint Pierre and Miquelon,UN,Regime Sanctions,Response beyond side accept nearly upon.,Critical,True,False,True,REG-2023-308,2024-10-18,2026-12-15,Active,2026-02-08 17:09:32.581865,2026-03-30 17:09:32.581865
SANC_d21e7014a5e24f7189c6d468421e6468,"Donovan, Johns and Woods",Vessel,Falkland Islands (Malvinas),OFAC,Cyber Crime,Sense expert experience arrive shoulder.,Critical,False,True,True,REG-2022-437,2024-04-22,,Active,2025-05-16 17:09:32.581865,2026-05-10 17:09:32.581865
SANC_e43e7514695041858a76af91fd2c2cd8,Kimberly Sharp,Vessel,North Korea,UN,Cyber Crime,Tree company think.,Critical,False,False,True,REG-2022-850,2024-10-29,2026-04-20,Active,2025-12-22 17:09:32.581865,2026-03-10 17:09:32.581865
SANC_bbd46f60f82f4b138744061a280c3752,Osborn Group,Individual,Antigua and Barbuda,OFAC,Terrorism Financing,Control see the face also fear owner.,High,True,True,True,REG-2024-240,2023-10-25,2025-06-17,Active,2026-01-28 17:09:32.581865,2026-03-12 17:09:32.581865
SANC_93e101bd009e475c8a5d43319a6a13c2,Mrs. Virginia Daniels,Individual,Jamaica,UKHM,Cyber Crime,Threat care mean evening speak former room.,High,False,False,True,REG-2021-106,2025-06-01,2027-07-27,Active,2026-02-25 17:09:32.582832,2026-06-08 17:09:32.582832
SANC_8b3e9ebc7c6c42329b0e229c6fcc9719,Higgins-Smith,Organization,Antigua and Barbuda,UN,Terrorism Financing,So nothing serious compare task today.,Critical,True,True,True,REG-2021-636,2024-10-26,,Active,2025-11-25 17:09:32.582832,2026-03-23 17:09:32.582832
SANC_8c13bec297284b4cb518df595c46d5a6,Robertson-Miller,Organization,Saint Pierre and Miquelon,UKHM,Terrorism Financing,Continue cell food easy.,Critical,False,False,True,REG-2025-349,2025-03-14,2026-10-31,Active,2025-10-01 17:09:32.582832,2026-03-15 17:09:32.582832
SANC_28e50e37c04b4094b52c3f500d64b49c,Young-Molina,Individual,Iran,OFAC,Terrorism Financing,Few reveal activity president realize artist.,Critical,False,False,True,REG-2025-587,2023-12-30,,Active,2026-02-27 17:09:32.582832,2026-03-13 17:09:32.582832
SANC_ea4c7491c1f24c0ba92bf5859d9170dc,Christopher Parks,Organization,Mayotte,UN,Terrorism Financing,Real police wait happen determine.,High,True,True,True,REG-2025-586,2023-09-10,,Active,2026-01-24 17:09:32.582832,2026-03-15 17:09:32.582832
SANC_cffd1e58f477411ea040d4992563525e,Hernandez-Adkins,Vessel,Antarctica (the territory South of 60 deg S),OFAC,Narcotics,Health reduce tree serious soon stay seven quite.,Critical,True,True,True,REG-2025-247,2023-09-22,2026-09-20,Active,2025-08-12 17:09:32.583863,2026-06-01 17:09:32.583863
SANC_4c18817c4ec349f0b505b384c2e92ab1,Angela Griffin,Vessel,Burundi,UKHM,Cyber Crime,Back nor article natural measure of.,Critical,True,True,True,REG-2025-863,2024-09-15,2025-11-08,Active,2026-01-12 17:09:32.583863,2026-04-16 17:09:32.583863
SANC_601cd1c54b98429ab308db60d3c122c4,Scott Ramos,Individual,Philippines,UKHM,Cyber Crime,Response major together knowledge argue.,High,False,False,True,REG-2024-333,2023-10-05,2025-10-23,Active,2025-07-25 17:09:32.583863,2026-05-18 17:09:32.583863
SANC_027b4ba2edde41b1bea122012df628d5,"Perry, Elliott and Hansen",Vessel,Uganda,OFAC,Cyber Crime,Rich how staff second official.,High,True,True,True,REG-2023-257,2023-09-21,2026-07-01,Active,2025-12-15 17:09:32.583863,2026-03-08 17:09:32.583863
SANC_9b7782ae454144efb0518464997ec876,Michael Weaver,Organization,Saint Vincent and the Grenadines,OFAC,Terrorism Financing,Various attorney value all.,Critical,False,False,True,REG-2023-204,2023-07-16,,Active,2025-11-28 17:09:32.584824,2026-04-16 17:09:32.584824
SANC_a70d8f6f31a245cdb31b27b078f4f43a,Chad May,Vessel,Jamaica,UKHM,Terrorism Financing,Hear through large true help bag.,High,True,False,True,REG-2025-195,2024-04-23,2026-03-21,Active,2025-08-18 17:09:32.584824,2026-06-09 17:09:32.584824
SANC_3938f5b14e2045e19fff9a4cf26501ab,Brandi Dalton,Organization,Anguilla,EU,Narcotics,Condition Mr more road.,Critical,True,True,True,REG-2023-408,2024-11-06,,Active,2025-12-19 17:09:32.584824,2026-06-02 17:09:32.584824
SANC_0143bf89a8bc48a9876c78e87ab72937,Nicole Good,Organization,Mayotte,UN,Regime Sanctions,Pull name mother statement easy get every.,High,False,False,True,REG-2022-838,2023-11-30,2026-07-30,Active,2025-04-22 17:09:32.584824,2026-05-16 17:09:32.584824
SANC_7151c9b9a670484ba58007d5b19baf9f,Pamela Johnson,Individual,Bosnia and Herzegovina,OFAC,Regime Sanctions,Past view threat drive attack order.,Critical,False,False,True,REG-2024-442,2025-06-08,2028-04-04,Active,2025-05-03 17:09:32.584824,2026-05-24 17:09:32.584824
SANC_0350727473364a479b580cb9ee753148,Michele Williams,Vessel,Russia,EU,Regime Sanctions,I doctor describe.,Critical,True,False,True,REG-2023-398,2024-05-22,2027-03-01,Active,2025-06-25 17:09:32.584824,2026-03-29 17:09:32.584824
SANC_18ad3902fb8041769c8084ff2964a131,Taylor LLC,Organization,Uganda,UN,Regime Sanctions,Staff rule five our pull.,Critical,True,True,True,REG-2025-658,2025-04-11,,Active,2025-02-03 17:09:32.585843,2026-04-01 17:09:32.585843
SANC_610d553468ee4d7a8fa605c3607d8e95,Shawn Odom,Vessel,Benin,EU,Regime Sanctions,Determine feel article we they treatment personal.,Critical,True,False,True,REG-2024-242,2024-02-15,2025-10-19,Active,2025-10-25 17:09:32.585843,2026-03-18 17:09:32.585843
SANC_a5c16aee4c9644078ab9a73fa10a5a66,Amber Cooper,Organization,Uganda,OFAC,Regime Sanctions,Skill five indicate chance heavy senior.,Critical,False,False,True,REG-2025-137,2024-05-07,2026-05-10,Active,2025-03-09 17:09:32.585843,2026-04-03 17:09:32.585843
SANC_76041a1172e244409b41a6844bf037d2,Atkinson LLC,Individual,Saint Vincent and the Grenadines,EU,Cyber Crime,South trip none whose.,High,True,False,True,REG-2023-915,2024-06-12,2025-06-22,Active,2026-01-12 17:09:32.585843,2026-05-08 17:09:32.585843
SANC_3a69c200d2984a2db834f8ec22c4df75,Jasmine Scott,Vessel,Jamaica,EU,Regime Sanctions,Position two suggest begin right couple.,Critical,False,False,True,REG-2025-807,2024-08-16,2026-08-04,Active,2026-02-19 17:09:32.585843,2026-04-10 17:09:32.585843
SANC_bd0bbc419c454873bdb2592e65a9781f,Larry Williams,Organization,Anguilla,OFAC,Narcotics,Could seven right next.,Critical,False,False,True,REG-2024-903,2024-01-05,,Active,2025-06-29 17:09:32.585843,2026-04-27 17:09:32.585843
SANC_2aee4c6b02214f64a1bae58211c282f6,Terry Turner,Organization,Syria,UKHM,Cyber Crime,Deep couple scientist.,High,False,True,True,REG-2021-123,2024-06-17,2027-04-11,Active,2026-01-07 17:09:32.586866,2026-03-16 17:09:32.586866
SANC_6059c4139b45477db9deece40fc829b5,Rocha-Dominguez,Vessel,Burundi,EU,Narcotics,However dream focus executive letter.,Critical,False,False,True,REG-2022-916,2025-01-11,2026-07-18,Active,2025-11-28 17:09:32.586866,2026-03-21 17:09:32.586866
SANC_7e31a3f954f64a60ba663946a946c3da,Parker-Ward,Organization,Northern Mariana Islands,EU,Regime Sanctions,Letter sort reveal seven floor data fine.,Critical,False,True,True,REG-2022-310,2024-10-26,,Active,2025-03-08 17:09:32.586866,2026-06-02 17:09:32.586866
SANC_c5d9401d38034674a1610cea5335ad5e,"Shields, Figueroa and Smith",Vessel,Ecuador,UN,Cyber Crime,Various often individual charge form here street.,High,False,True,True,REG-2023-786,2023-07-16,2026-01-06,Active,2025-04-10 17:09:32.586866,2026-05-01 17:09:32.586866
SANC_b30016d88d604e7f8db7674059e90170,"Pena, Cohen and Scott",Vessel,Uganda,OFAC,Cyber Crime,Whom politics make collection some college result.,Critical,False,True,True,REG-2023-729,2024-07-02,2027-05-21,Active,2025-12-25 17:09:32.586866,2026-05-01 17:09:32.586866
SANC_ce180d6db68544aabf139e0916fc0a08,Steve Mooney,Organization,Saint Vincent and the Grenadines,EU,Cyber Crime,Model stuff avoid stand.,High,False,False,True,REG-2025-241,2024-06-24,2026-08-31,Active,2025-11-28 17:09:32.586866,2026-04-09 17:09:32.586866
SANC_9edb4dd969534af0ad61b2c6a4c0959d,Gutierrez Ltd,Vessel,Iran,EU,Narcotics,Attack character despite lay art.,Critical,False,True,True,REG-2022-422,2023-07-18,2026-04-12,Active,2026-02-04 17:09:32.586866,2026-04-26 17:09:32.586866
SANC_0e634e34917f48a499fce768ab3ce736,"Peck, Durham and Hopkins",Organization,Falkland Islands (Malvinas),EU,Regime Sanctions,According necessary activity.,Critical,False,False,True,REG-2024-827,2024-10-18,2027-03-02,Active,2025-12-08 17:09:32.586866,2026-05-31 17:09:32.586866
SANC_b08d4f53bafa4e7d8003df6d28106d95,"Hill, Madden and Smith",Individual,Bosnia and Herzegovina,OFAC,Cyber Crime,South travel blood benefit chance court.,High,False,True,True,REG-2024-679,2024-07-26,2026-12-15,Active,2025-05-26 17:09:32.588409,2026-04-06 17:09:32.588409
SANC_3cd3395ff598457e952230be0618c1e6,Hector Norton,Individual,Saint Pierre and Miquelon,UN,Terrorism Financing,Health image north wrong.,Critical,True,False,True,REG-2021-853,2024-07-23,2026-04-02,Active,2025-10-02 17:09:32.588409,2026-06-06 17:09:32.588409
SANC_ed35569a0c1d4c098152b71e41f41cfb,Ronald Miller,Organization,Anguilla,UKHM,Terrorism Financing,Behavior here need.,High,True,False,True,REG-2025-747,2023-12-03,2026-08-24,Active,2025-12-22 17:09:32.588956,2026-05-15 17:09:32.588956
SANC_a5d386c98685449381c3bca034a2b89a,"Smith, Jackson and Porter",Individual,Antarctica (the territory South of 60 deg S),UN,Cyber Crime,Population former with wind thus try.,High,False,False,True,REG-2023-686,2023-07-24,,Active,2025-06-13 17:09:32.588956,2026-03-16 17:09:32.588956
SANC_8aa743136e8b49c89570c8664c33d051,Valenzuela Ltd,Individual,Mayotte,OFAC,Cyber Crime,Little another avoid understand tonight nor allow.,High,True,True,True,REG-2022-828,2023-12-06,2025-08-15,Active,2025-02-07 17:09:32.588956,2026-03-16 17:09:32.588956
SANC_6a9402822c8a4feb8f1bdbd233b095a7,Alexis Clark,Individual,Antarctica (the territory South of 60 deg S),UN,Regime Sanctions,Sell require huge baby.,Critical,False,True,True,REG-2021-512,2025-06-01,2027-03-12,Active,2025-03-13 17:09:32.588956,2026-04-24 17:09:32.588956
SANC_934a2f1817bc4845b8bb2568450a86db,Lacey Atkinson,Organization,Philippines,OFAC,Terrorism Financing,Forward sense cause write right may window.,Critical,False,True,True,REG-2025-507,2023-10-15,,Active,2025-07-27 17:09:32.588956,2026-05-14 17:09:32.588956
SANC_a12c349cd47e40b6b486cfd345fbc3e0,David Jones,Organization,Bosnia and Herzegovina,UN,Narcotics,Shoulder western however similar ahead event yeah make.,Critical,False,True,True,REG-2021-201,2023-07-22,2025-11-03,Active,2026-02-23 17:09:32.588956,2026-05-26 17:09:32.588956
SANC_6171267a016048cc90d871f14a9fc854,"Pugh, Reynolds and Frazier",Individual,Benin,UKHM,Terrorism Financing,Beat peace something require bank child.,Critical,True,True,True,REG-2023-262,2024-03-13,2025-12-18,Active,2026-01-15 17:09:32.590001,2026-03-19 17:09:32.590001
SANC_114c380e673c421a8ccadb33b8982c4f,Brittany Price,Individual,Saint Vincent and the Grenadines,EU,Terrorism Financing,Blood accept final growth especially car.,Critical,False,True,True,REG-2024-771,2024-12-14,,Active,2026-01-14 17:09:32.590001,2026-06-10 17:09:32.590001
SANC_fa07e9fcc30946ff94972b97876a42a7,Justin Hunt,Individual,Falkland Islands (Malvinas),EU,Regime Sanctions,Ago government behavior our.,High,True,False,True,REG-2021-980,2023-11-03,2025-03-17,Active,2025-07-02 17:09:32.590001,2026-06-01 17:09:32.590001
SANC_410d72bbcbc949c0b32950f890965899,Alexandria Gutierrez,Individual,Syria,OFAC,Terrorism Financing,Right nice yeah drug.,Critical,False,False,True,REG-2022-491,2024-02-17,2025-07-02,Active,2025-04-09 17:09:32.590001,2026-03-16 17:09:32.590001
SANC_885de0470e17471e9e49e5f2147563ac,James Taylor,Vessel,Antarctica (the territory South of 60 deg S),OFAC,Narcotics,Environmental certainly cold every feel.,Critical,False,True,True,REG-2022-521,2024-07-19,2026-10-15,Active,2025-11-12 17:09:32.590001,2026-05-30 17:09:32.590001
SANC_d01683a98c5140158b11bd1e988e27bb,Ward and Sons,Individual,Saint Vincent and the Grenadines,UKHM,Cyber Crime,Many pattern leader career according how success here.,Critical,False,True,True,REG-2022-383,2025-02-07,2026-10-19,Active,2025-05-24 17:09:32.590001,2026-03-26 17:09:32.590001
SANC_476a91331ae54f32b52fe2b2bd5ec026,Alexander-Jordan,Vessel,Bosnia and Herzegovina,OFAC,Cyber Crime,Carry fly water cut fire who why fact.,High,True,False,True,REG-2023-761,2025-04-10,,Active,2025-11-01 17:09:32.591258,2026-04-08 17:09:32.591258
SANC_3e987985fe9e4f4abe1808d938197465,Tracy Casey,Individual,Nauru,OFAC,Terrorism Financing,Heavy staff hotel box nor or.,Critical,False,True,True,REG-2024-981,2024-12-01,2027-02-04,Active,2025-08-28 17:09:32.591258,2026-04-02 17:09:32.591258
SANC_86bb730adbce460894428ec4cf02b0f0,Maldonado PLC,Organization,Anguilla,OFAC,Terrorism Financing,Well left remain.,High,False,True,True,REG-2021-161,2024-08-07,2026-09-18,Active,2025-06-17 17:09:32.591258,2026-05-05 17:09:32.591258
SANC_d738d08b26ac4d9892968d356ce9419e,Guerra-Jones,Vessel,Mayotte,UKHM,Regime Sanctions,Pull cause field education child institution.,High,True,False,True,REG-2021-417,2024-05-16,,Active,2025-11-19 17:09:32.591258,2026-05-22 17:09:32.591258
SANC_4ae9b618dc224c1284562126a4021db0,Cole PLC,Organization,Antarctica (the territory South of 60 deg S),OFAC,Cyber Crime,Old move type thank industry already why.,Critical,True,True,True,REG-2022-188,2024-03-29,2025-07-25,Active,2025-07-14 17:09:32.591258,2026-03-24 17:09:32.591258
SANC_2569da86b38c4f59951e142186487a32,"Wheeler, Rocha and Rodriguez",Organization,North Korea,EU,Terrorism Financing,Price great positive and worker.,High,True,True,True,REG-2022-608,2024-12-06,2027-05-25,Active,2025-06-12 17:09:32.592261,2026-03-10 17:09:32.592261
SANC_83e47ad1b11d4887974801e25c594053,Tracy Rivera,Organization,Falkland Islands (Malvinas),UN,Terrorism Financing,Black better develop section newspaper reach.,High,False,False,True,REG-2023-636,2024-11-18,,Active,2025-03-04 17:09:32.592261,2026-03-29 17:09:32.592261
SANC_b7969227e1254e07ba134aeb0d94f76b,Brooks-Ford,Organization,Benin,UN,Terrorism Financing,Real character young lot far turn beat story.,Critical,True,False,True,REG-2022-361,2023-11-29,2026-07-08,Active,2025-03-23 17:09:32.592875,2026-03-10 17:09:32.592875
SANC_6e00b16317d04b0bbc4e5a0e3c04bddc,Eric Gibson,Vessel,Jamaica,OFAC,Terrorism Financing,Miss give best reveal laugh.,High,True,True,True,REG-2024-472,2024-12-29,2026-05-31,Active,2025-12-02 17:09:32.592875,2026-06-06 17:09:32.592875
SANC_028625a30e1b4a05b8dc3bdacee9e832,Williams-Page,Vessel,Syria,UKHM,Narcotics,Support possible quality.,Critical,True,False,True,REG-2023-377,2023-08-02,2026-03-09,Active,2025-08-25 17:09:32.592875,2026-05-26 17:09:32.592875
SANC_cd156e677c5b4b5b9c62c520cabf07da,"Sanchez, Thompson and Moore",Individual,Ecuador,EU,Terrorism Financing,Interview left something picture control price how.,Critical,True,False,True,REG-2023-892,2023-10-16,2025-09-15,Active,2026-01-18 17:09:32.592875,2026-04-01 17:09:32.592875
SANC_3db5bcd545d44f509caad38a97e33c92,Christina Vargas,Organization,Czech Republic,UN,Cyber Crime,Above Democrat everything region somebody officer.,High,False,False,True,REG-2025-605,2025-01-03,2026-07-22,Active,2025-02-21 17:09:32.594394,2026-04-02 17:09:32.594394
SANC_640e3005abf548dda0cdc186ea744453,"Lopez, Nguyen and Ellis",Individual,Falkland Islands (Malvinas),OFAC,Regime Sanctions,Provide majority whole finish home.,High,True,False,True,REG-2021-443,2025-02-20,,Active,2025-04-01 17:09:32.594394,2026-04-23 17:09:32.594394
SANC_d89a3e9270f142c08cffb3d7154c83be,"Wilson, Bell and Ellis",Vessel,Bosnia and Herzegovina,OFAC,Narcotics,Sport relationship father pass.,High,False,False,True,REG-2021-245,2024-04-10,2025-07-14,Active,2026-02-09 17:09:32.595404,2026-05-12 17:09:32.595404
SANC_2f91c3ea88d64ed89f92eb7e82392fb5,"Anderson, Wilson and Torres",Vessel,Mayotte,UN,Regime Sanctions,Health center home others.,High,True,True,True,REG-2024-176,2023-08-15,2024-10-16,Active,2025-07-24 17:09:32.595404,2026-03-18 17:09:32.595404
SANC_c048774e8eff4ac4b5254ce4d3e1dd8c,Henderson-Tucker,Individual,Bosnia and Herzegovina,UN,Cyber Crime,Really population yourself never majority cell fire.,Critical,False,False,True,REG-2024-378,2024-08-30,,Active,2025-11-20 17:09:32.596404,2026-05-24 17:09:32.596404
SANC_3407c785f7ca4f7e9c9ed740380bd2ed,"Brown, Howard and Smith",Vessel,Saint Vincent and the Grenadines,EU,Terrorism Financing,Crime himself no president.,High,False,False,True,REG-2023-516,2024-05-26,,Active,2025-09-01 17:09:32.596404,2026-03-04 17:09:32.596404
SANC_899ed4ae36f944d7a8b93f4c98e17578,Jennifer Larsen,Organization,Benin,UN,Terrorism Financing,Cold not somebody determine allow different eye.,High,True,False,True,REG-2025-141,2024-04-23,,Active,2025-09-17 17:09:32.596404,2026-05-23 17:09:32.596404
SANC_13123197d761425c84c918d915c31b71,Patrick Cannon,Individual,Saint Vincent and the Grenadines,UKHM,Terrorism Financing,Member of environmental myself yard my series.,Critical,False,True,True,REG-2021-514,2025-02-06,2027-08-29,Active,2025-02-13 17:09:32.596404,2026-04-01 17:09:32.596404
SANC_35bf90fb7cef4788808dc92277a63b87,Kimberly Fritz,Organization,Saint Vincent and the Grenadines,EU,Terrorism Financing,Save president easy themselves.,High,True,True,True,REG-2022-302,2025-01-21,2027-02-06,Active,2025-03-17 17:09:32.597915,2026-03-22 17:09:32.597915
SANC_d18e96b2f1544291a1e4da3415b98433,Baker-Atkins,Individual,Antarctica (the territory South of 60 deg S),UN,Terrorism Financing,Keep yes simply down.,High,True,True,True,REG-2024-928,2023-07-06,,Active,2025-09-15 17:09:32.597915,2026-05-26 17:09:32.597915
SANC_ddccab9e555e4b8c99fc7b78f22689fc,Melissa Callahan,Organization,Bouvet Island (Bouvetoya),EU,Regime Sanctions,Plan coach cause deal deal arrive go exactly.,Critical,False,True,True,REG-2024-799,2025-03-01,2027-02-26,Active,2025-11-14 17:09:32.597915,2026-05-18 17:09:32.597915
SANC_4f78984b212a4af6b5c005074b2781f9,William Carter,Organization,Falkland Islands (Malvinas),OFAC,Narcotics,Environment teach world quickly believe while size.,Critical,False,False,True,REG-2025-590,2024-08-02,,Active,2025-10-11 17:09:32.597915,2026-04-22 17:09:32.597915
SANC_1acb9e158fc048c398bed6fb2523097e,Donald Rios,Individual,Iran,EU,Terrorism Financing,Economic represent stock seven.,Critical,False,False,True,REG-2025-900,2025-05-24,2027-12-24,Active,2025-06-19 17:09:32.598930,2026-04-30 17:09:32.598930
SANC_1b4bf590025146dbb10e6951df748ac9,Charles Chen,Individual,Northern Mariana Islands,UN,Narcotics,Increase later plant they behavior middle everything view.,High,False,True,True,REG-2024-642,2024-11-17,2027-07-08,Active,2025-11-04 17:09:32.598930,2026-05-21 17:09:32.598930
SANC_deb33ab5eabc44319a6e8e361c964f26,John Perkins,Vessel,Burundi,UN,Terrorism Financing,Room learn professional group.,High,False,False,True,REG-2022-280,2024-03-23,,Active,2025-09-22 17:09:32.598930,2026-03-08 17:09:32.598930
SANC_8dea5bb057694c1c8f017eebc5f4df47,"Sanders, Donaldson and Summers",Vessel,Northern Mariana Islands,UN,Narcotics,Environmental stock front official not magazine gas.,High,False,False,True,REG-2022-602,2023-07-30,,Active,2026-02-03 17:09:32.598930,2026-05-12 17:09:32.598930
SANC_ae215229078e4d2a8063bd5d92542018,Williams Ltd,Individual,Jamaica,UKHM,Terrorism Financing,Administration upon citizen lead yeah into yet.,Critical,True,True,True,REG-2023-834,2024-11-22,,Active,2025-09-19 17:09:32.598930,2026-06-03 17:09:32.598930
SANC_3bf2cd7e820a49ef9ccc340f7587128f,Matthew Moore,Vessel,Russia,EU,Terrorism Financing,Behavior growth bar professor power.,Critical,True,False,True,REG-2024-700,2025-05-17,,Active,2025-09-30 17:09:32.599931,2026-04-30 17:09:32.599931
SANC_5b98f6eb4785418fa3e68b5fe94cc6c8,Eric Lyons,Individual,Syria,UKHM,Regime Sanctions,Investment before believe degree back.,Critical,True,False,True,REG-2022-781,2023-07-21,2025-01-15,Active,2025-08-22 17:09:32.599931,2026-05-02 17:09:32.599931
SANC_d990a82e3854415b9155040d3f8c1e95,Stone Group,Organization,Falkland Islands (Malvinas),EU,Terrorism Financing,Account gas building.,Critical,True,True,True,REG-2025-425,2024-09-14,2027-06-02,Active,2025-11-10 17:09:32.599931,2026-03-21 17:09:32.599931
SANC_4bd8c53848fc47f6b8d623ec40205c66,Benson-Woods,Organization,Falkland Islands (Malvinas),UN,Terrorism Financing,Him room bill finish thing.,High,False,False,True,REG-2022-751,2025-04-09,2026-07-08,Active,2025-03-06 17:09:32.600447,2026-03-17 17:09:32.600447
SANC_a35553ff6f2c4a30822648b01afcc9b3,Ayala-Mullins,Organization,Benin,OFAC,Cyber Crime,Political quality attention none.,High,True,True,True,REG-2023-362,2023-09-25,2024-09-25,Active,2026-02-07 17:09:32.600447,2026-04-22 17:09:32.600447
SANC_d05801163b414037ba40fa21b36dbbc7,Jessica Bowen,Organization,Ecuador,UKHM,Regime Sanctions,Security turn pattern kind describe to cause but.,Critical,False,False,True,REG-2021-948,2024-09-27,2027-05-11,Active,2025-04-04 17:09:32.601132,2026-03-05 17:09:32.601132
SANC_7fc061e3e3ed4cca8086fade609f7175,Bell-Jordan,Individual,Benin,OFAC,Terrorism Financing,Easy popular easy over.,Critical,True,False,True,REG-2023-207,2024-12-29,,Active,2025-12-06 17:09:32.601132,2026-04-23 17:09:32.601132
SANC_668d8c58f5994caf8d9e33afdef919c3,Peggy Vaughn,Individual,Antigua and Barbuda,OFAC,Cyber Crime,Day parent country hot position.,Critical,True,False,True,REG-2022-721,2024-12-22,2026-05-31,Active,2026-02-04 17:09:32.601691,2026-05-29 17:09:32.601691
SANC_daf059ee01e54a6c93ebf5bec8255338,Tina Simpson,Individual,Mayotte,UN,Cyber Crime,Drop point audience thousand.,Critical,True,True,True,REG-2021-502,2025-02-08,2027-06-25,Active,2025-12-15 17:09:32.601691,2026-06-04 17:09:32.601691
SANC_ab7aa626e67c41fca9dce52630c4f0ea,Dr. Bonnie Valencia,Organization,Anguilla,UN,Regime Sanctions,Inside national common likely would authority onto.,High,True,True,True,REG-2022-274,2023-06-20,2024-09-10,Active,2025-07-04 17:09:32.601691,2026-05-27 17:09:32.601691
SANC_98157f4a231646a38b63e7a5a25d35de,Andrew Brown,Organization,Nauru,UKHM,Cyber Crime,Media pick may indeed reduce bar.,High,False,True,True,REG-2023-490,2023-06-21,2025-09-19,Active,2026-02-09 17:09:32.601691,2026-05-08 17:09:32.601691
SANC_c72ff0621ac34c7f91a92bac8b9ddc15,Brittany Miller,Organization,Burundi,UN,Terrorism Financing,Memory data space movie.,High,True,True,True,REG-2023-927,2024-07-31,2027-03-26,Active,2025-11-07 17:09:32.601691,2026-04-01 17:09:32.601691
SANC_77968d15220846bba435b950d4d1b338,Pamela Santos,Organization,Jamaica,UKHM,Regime Sanctions,Financial join well draw.,High,False,False,True,REG-2021-504,2024-04-09,2025-05-14,Active,2025-06-19 17:09:32.601691,2026-03-29 17:09:32.601691
SANC_e7806e1912c14385b2f5226adf97ac0c,Middleton Inc,Vessel,North Korea,EU,Terrorism Financing,Partner area program price compare actually case.,Critical,True,True,True,REG-2022-927,2023-12-17,,Active,2026-02-10 17:09:32.602697,2026-04-17 17:09:32.602697
SANC_8116e1a33bff4c2d8b99da2b89d32abd,Troy Mills,Vessel,Mayotte,EU,Narcotics,Cold camera sit environmental though.,Critical,False,True,True,REG-2021-497,2023-06-19,2026-01-04,Active,2025-09-18 17:09:32.602697,2026-05-06 17:09:32.602697
SANC_dc308a14e1e946ebb5b3095dc58712d1,Rogers Group,Individual,Russia,UKHM,Terrorism Financing,Model enjoy window physical many.,Critical,True,True,True,REG-2025-702,2025-01-30,2026-05-12,Active,2026-01-08 17:09:32.602697,2026-03-30 17:09:32.602697
SANC_6dc7af0d178646dfa9079383e8c724ae,Brown-Villarreal,Organization,Antigua and Barbuda,UN,Regime Sanctions,Happy effort bill off.,Critical,False,False,True,REG-2025-723,2024-07-11,2026-01-03,Active,2025-10-13 17:09:32.602697,2026-04-20 17:09:32.602697
SANC_38f8253e49e246b1b25977c3062c953b,Patrick Smith,Vessel,North Korea,UKHM,Terrorism Financing,Each line him.,Critical,False,True,True,REG-2021-863,2024-12-23,2026-09-24,Active,2025-08-25 17:09:32.602697,2026-06-08 17:09:32.602697
SANC_cfbe641d648a48149d7decf3d76bb88f,Tyler Johnson,Organization,Bosnia and Herzegovina,UN,Regime Sanctions,Different eat trouble floor step number.,High,True,True,True,REG-2023-861,2023-10-05,2025-08-28,Active,2025-10-17 17:09:32.602697,2026-03-09 17:09:32.602697
SANC_e4d6ac74406a4d42b92786ceb53649be,Stephanie White,Vessel,Anguilla,EU,Regime Sanctions,Wonder west attention let executive suddenly force.,High,False,False,True,REG-2025-988,2023-09-11,2024-11-06,Active,2025-06-13 17:09:32.603701,2026-05-21 17:09:32.603701
SANC_f9baf75a0e9c4766aae1de3d0db52d04,Jacob Carter,Vessel,Jamaica,UKHM,Narcotics,Science drug happy will young.,High,True,True,True,REG-2022-957,2024-08-13,,Active,2026-02-15 17:09:32.603701,2026-04-13 17:09:32.603701
SANC_c3c620896e684adbb103a141992920d4,Steven Hodges,Organization,Russia,EU,Cyber Crime,Character usually agency must player.,Critical,False,False,True,REG-2021-797,2025-02-02,,Active,2025-08-25 17:09:32.603701,2026-04-09 17:09:32.603701
SANC_209d0a754e324e239ad717a2a7f0e114,Tapia Inc,Individual,Nauru,UN,Cyber Crime,Support road billion morning draw man.,High,False,True,True,REG-2023-128,2024-11-30,2026-05-15,Active,2025-05-15 17:09:32.603701,2026-05-14 17:09:32.603701
SANC_d1d890d7cae64476b2aa70b6c8c5d3ce,Dawson Inc,Vessel,Burundi,EU,Cyber Crime,Tv today mind.,Critical,True,True,True,REG-2024-235,2023-07-27,2026-04-02,Active,2026-02-27 17:09:32.603701,2026-05-13 17:09:32.603701
SANC_4773950b8e8a4a5b8112a935846536ef,Judy Adkins,Organization,Russia,UN,Regime Sanctions,Believe card star avoid nothing itself who door.,Critical,False,False,True,REG-2023-323,2024-12-06,2027-10-30,Active,2025-06-10 17:09:32.603701,2026-03-23 17:09:32.603701
SANC_4dab58b5f23147c4b98a085c4241772b,Tammy Long,Individual,Northern Mariana Islands,UN,Cyber Crime,Fish evening avoid dark sister once.,Critical,True,False,True,REG-2021-444,2023-12-30,2026-10-15,Active,2025-09-18 17:09:32.603701,2026-05-06 17:09:32.603701
SANC_7bb0f160b7744b089eb86a77b402eb51,Jerry Edwards,Vessel,Iran,UN,Narcotics,Movie who debate final.,High,True,True,True,REG-2025-513,2023-10-09,2026-09-05,Active,2025-12-22 17:09:32.603701,2026-03-10 17:09:32.603701
SANC_2c8f87797b4a4bcd85c0e84e8d485a37,Ann Aguirre,Organization,Bosnia and Herzegovina,UN,Regime Sanctions,Step recent American structure foreign.,Critical,False,True,True,REG-2025-825,2024-01-02,2025-07-14,Active,2025-09-09 17:09:32.603701,2026-03-10 17:09:32.603701
SANC_733ac6990f314e35a287bf7767607a97,"Wright, Kelly and Palmer",Vessel,Antigua and Barbuda,UKHM,Cyber Crime,Employee wrong all identify laugh.,Critical,True,True,True,REG-2023-199,2023-08-20,2025-05-10,Active,2025-02-25 17:09:32.605208,2026-03-31 17:09:32.605208
SANC_7b68a0e292324ace90eb944ba73f75fd,"Wright, Murray and Lara",Individual,North Korea,UN,Terrorism Financing,Building article sit develop.,High,False,True,True,REG-2023-530,2025-01-12,2026-12-17,Active,2025-08-25 17:09:32.605208,2026-05-08 17:09:32.605208
SANC_15e4c79369aa4892a015821fc97ccf2d,Watson-Mccoy,Organization,Saint Vincent and the Grenadines,UKHM,Terrorism Financing,Old else spend against.,High,False,True,True,REG-2025-222,2023-11-11,2025-12-05,Active,2025-06-05 17:09:32.605208,2026-05-03 17:09:32.605208
SANC_5693ae9fb25c4566971dd67a693cb058,Matthew Lamb,Individual,Falkland Islands (Malvinas),EU,Cyber Crime,Toward stop former amount.,Critical,False,True,True,REG-2023-983,2023-07-31,2024-10-20,Active,2025-06-27 17:09:32.605208,2026-04-29 17:09:32.605208
SANC_f36e1c54d48c41faa048fbfc1c9138b2,Jackson PLC,Individual,Philippines,OFAC,Terrorism Financing,Start house ahead raise common Democrat.,Critical,False,True,True,REG-2022-690,2024-06-03,2026-10-17,Active,2025-02-06 17:09:32.605208,2026-05-30 17:09:32.605208
SANC_764d2d7a5fe04396bc204d461bc05da3,Jeremy Hernandez,Organization,Iran,UKHM,Regime Sanctions,People early far include nearly article evidence case.,Critical,False,False,True,REG-2021-138,2023-11-03,2025-11-19,Active,2026-02-24 17:09:32.606217,2026-04-30 17:09:32.606217
SANC_0f37f061190a45e68ed3394f28b19d21,"Wilkerson, Fox and Mccoy",Vessel,Czech Republic,OFAC,Terrorism Financing,Some writer site grow name machine tree.,High,True,False,True,REG-2023-232,2023-11-12,,Active,2025-06-19 17:09:32.606217,2026-03-27 17:09:32.606217
SANC_49db503bbce046a99eeb37a76b451d6c,Devin Johnson,Individual,Bouvet Island (Bouvetoya),UN,Cyber Crime,Despite time sing around yard morning short yourself.,Critical,False,False,True,REG-2022-450,2024-07-05,2026-11-18,Active,2025-09-01 17:09:32.606728,2026-03-06 17:09:32.606728
SANC_7c96a19753a54b8fa8244c32bc39d442,Matthew Adams,Organization,Northern Mariana Islands,EU,Narcotics,Shake way offer work.,High,True,True,True,REG-2025-616,2023-10-12,,Active,2025-08-28 17:09:32.606728,2026-03-11 17:09:32.606728
SANC_65b1fd225b5848d58a969a21932e63db,Mcconnell-Frey,Individual,Uganda,UN,Terrorism Financing,Compare or south recently.,High,True,True,True,REG-2021-806,2024-04-07,,Active,2025-07-19 17:09:32.607272,2026-04-23 17:09:32.607272
SANC_f0c0a9d87b644491b41c4c5401cbe7ee,Michele Bell,Organization,Nauru,EU,Narcotics,Nor none could write think man finally.,High,False,False,True,REG-2021-778,2025-05-20,2028-02-16,Active,2025-04-27 17:09:32.607272,2026-03-13 17:09:32.607272
SANC_851f31b4e04a43e0bf49a0ceabf5a12d,Anthony Guzman,Individual,Jamaica,OFAC,Cyber Crime,Money a truth.,High,True,False,True,REG-2022-723,2024-06-25,,Active,2025-10-20 17:09:32.607272,2026-04-05 17:09:32.607272
SANC_eb5c7d2fcb0e4a49bef65161ae93602a,Peterson and Sons,Organization,Russia,UKHM,Cyber Crime,Arrive challenge relate center book money.,High,True,False,True,REG-2022-804,2023-11-14,2025-10-17,Active,2025-11-03 17:09:32.607272,2026-06-10 17:09:32.607272
SANC_57bd95e239e84d5fa3cae948cf808fb9,Jacqueline Mcmahon,Individual,Saint Vincent and the Grenadines,UKHM,Narcotics,Only from follow wish run join.,High,True,True,True,REG-2023-759,2024-03-20,,Active,2025-10-03 17:09:32.607272,2026-05-08 17:09:32.607272
SANC_b6c4ee93184c48b8bd8296f58d9d262b,Marie Thompson,Individual,Ecuador,OFAC,Cyber Crime,Really up skin development open compare fill.,Critical,False,False,True,REG-2021-197,2024-10-19,2025-12-04,Active,2026-02-27 17:09:32.607272,2026-05-24 17:09:32.607272
SANC_faaf0128e71f40469a952537c5995112,Anderson-Daniel,Individual,Philippines,UN,Regime Sanctions,Hot yes whole allow own TV whose.,Critical,True,False,True,REG-2023-287,2024-11-26,,Active,2025-08-11 17:09:32.608278,2026-04-13 17:09:32.608278
SANC_408d61d1132a427d907030e4342d9065,Ashley Crawford,Organization,Russia,UKHM,Regime Sanctions,Seat draw word collection those become.,High,True,True,True,REG-2021-964,2023-11-29,,Active,2025-08-02 17:09:32.608278,2026-03-27 17:09:32.608278
